{
    "src": {
        "psnr": 37.62150856208575,
        "ssim": 0.985687621656877,
        "lpips": 0.02120058611459717
    },
    "tgt5": {
        "psnr": 20.503588378391388,
        "ssim": 0.727908599349383,
        "lpips": 0.25437617517520916
    },
    "tgt10": {
        "psnr": 20.503588378391388,
        "ssim": 0.727908599349383,
        "lpips": 0.25437617517520916
    },
    "tgt_rand": {
        "psnr": 20.503588378391388,
        "ssim": 0.727908599349383,
        "lpips": 0.25437617517520916
    }
}