{
    "src": {
        "psnr": 37.641142388036144,
        "ssim": 0.9856097666506062,
        "lpips": 0.02130627018606349
    },
    "tgt5": {
        "psnr": 23.964657920456276,
        "ssim": 0.8072345957580048,
        "lpips": 0.181168841119772
    },
    "tgt10": {
        "psnr": 23.964657920456276,
        "ssim": 0.8072345957580048,
        "lpips": 0.181168841119772
    },
    "tgt_rand": {
        "psnr": 23.964657920456276,
        "ssim": 0.8072345957580048,
        "lpips": 0.181168841119772
    }
}