{
    "src": {
        "psnr": 37.607386294245096,
        "ssim": 0.9855994552464067,
        "lpips": 0.021263860473843883
    },
    "tgt5": {
        "psnr": 25.014580219333805,
        "ssim": 0.8217791720790494,
        "lpips": 0.161783768173659
    },
    "tgt10": {
        "psnr": 20.924981664863243,
        "ssim": 0.7257566179028266,
        "lpips": 0.25589143387412056
    },
    "tgt_rand": {
        "psnr": 18.92898306434256,
        "ssim": 0.6597328764864224,
        "lpips": 0.3284966094627903
    }
}